{
  "best_global_step": null,
  "best_metric": null,
  "best_model_checkpoint": null,
  "epoch": 1.0,
  "eval_steps": 500,
  "global_step": 42,
  "is_hyper_param_search": false,
  "is_local_process_zero": true,
  "is_world_process_zero": true,
  "log_history": [
    {
      "epoch": 0.24316109422492402,
      "grad_norm": 0.5308613181114197,
      "learning_rate": 0.00018571428571428572,
      "loss": 2.6,
      "step": 10
    },
    {
      "epoch": 0.48632218844984804,
      "grad_norm": 0.5623021125793457,
      "learning_rate": 0.00016984126984126986,
      "loss": 2.3429,
      "step": 20
    },
    {
      "epoch": 0.729483282674772,
      "grad_norm": 0.5121130347251892,
      "learning_rate": 0.000153968253968254,
      "loss": 2.0344,
      "step": 30
    },
    {
      "epoch": 0.9726443768996961,
      "grad_norm": 0.4896327257156372,
      "learning_rate": 0.0001380952380952381,
      "loss": 1.882,
      "step": 40
    }
  ],
  "logging_steps": 10,
  "max_steps": 126,
  "num_input_tokens_seen": 0,
  "num_train_epochs": 3,
  "save_steps": 500,
  "stateful_callbacks": {
    "TrainerControl": {
      "args": {
        "should_epoch_stop": false,
        "should_evaluate": false,
        "should_log": false,
        "should_save": true,
        "should_training_stop": false
      },
      "attributes": {}
    }
  },
  "total_flos": 347139018326016.0,
  "train_batch_size": 1,
  "trial_name": null,
  "trial_params": null
}
